<?xml version="1.0" encoding="utf-8"?>
<!-- Generator: Adobe Illustrator 18.1.0, SVG Export Plug-In . SVG Version: 6.00 Build 0)  -->
<svg version="1.1" xmlns="http://www.w3.org/2000/svg" xmlns:xlink="http://www.w3.org/1999/xlink" x="0px" y="0px"
	 viewBox="0 0 2300 2000" enable-background="new 0 0 2300 2000" xml:space="preserve">
<g id="Layer_2">
</g>
<g id="Layer_1">
	<rect x="14.7" fill="#FAF2ED" width="2286.3" height="2000"/>
	<path fill="none" stroke="#000000" stroke-width="2" stroke-miterlimit="10" d="M1486.2,165.2H470.7c-6.6,0-12-5.4-12-12V85.8
		c0-6.6,5.4-12,12-12h1015.5c6.6,0,12,5.4,12,12v67.4C1498.2,159.8,1492.8,165.2,1486.2,165.2z"/>
	<rect x="-12.4" fill="#E47B52" width="444.7" height="2000"/>
	<path fill="none" stroke="#000000" stroke-width="2" stroke-miterlimit="10" d="M1923.9,880.6H470.7c-6.6,0-12-5.4-12-12v-287
		c0-6.6,5.4-12,12-12h1453.2c6.6,0,12,5.4,12,12v287C1935.9,875.2,1930.5,880.6,1923.9,880.6z"/>
	<path fill="none" stroke="#000000" stroke-width="2" stroke-miterlimit="10" d="M1915.9,1506.8H470.7c-6.6,0-12-5.4-12-12v-287.3
		c0-6.6,5.4-12,12-12h1445.2c6.6,0,12,5.4,12,12v287.3C1927.9,1501.4,1922.5,1506.8,1915.9,1506.8z"/>
	<path fill="none" stroke="#000000" stroke-width="2" stroke-miterlimit="10" d="M1018.7,1935.9h-548c-6.6,0-12-5.4-12-12v-246.8
		c0-6.6,5.4-12,12-12h548c6.6,0,12,5.4,12,12v246.8C1030.7,1930.5,1025.3,1935.9,1018.7,1935.9z"/>
	<path fill="none" stroke="#000000" stroke-width="2" stroke-miterlimit="10" d="M1617.1,1935.9h-549.2c-6.6,0-12-5.4-12-12v-246.8
		c0-6.6,5.4-12,12-12h549.2c6.6,0,12,5.4,12,12v246.8C1629.1,1930.5,1623.7,1935.9,1617.1,1935.9z"/>
	<path fill="none" stroke="#000000" stroke-width="2" stroke-miterlimit="10" d="M2242,1935.9h-575.2c-6.6,0-12-5.4-12-12v-246.8
		c0-6.6,5.4-12,12-12H2242c6.6,0,12,5.4,12,12v246.8C2254,1930.5,2248.6,1935.9,2242,1935.9z"/>
	<rect x="456.7" y="93.9" fill="none" width="206.4" height="91.4"/>
	<text transform="matrix(1 0 0 1 500.4667 140.2362)" font-family="'Lato-Bold'" font-size="62.35">URL</text>
	<rect x="505.1" y="298.3" fill="none" width="256.7" height="250.8"/>
	<text transform="matrix(1 0 0 1 505.0663 344.6485)"><tspan x="0" y="0" font-family="'Lato-Bold'" font-size="62.35">Router</tspan><tspan x="0" y="65.5" font-family="'Lato-Italic'" font-size="54.5562">router.js</tspan></text>
	<rect x="501.6" y="609.3" fill="none" width="439.3" height="250.8"/>
	<text transform="matrix(1 0 0 1 501.6458 655.5875)"><tspan x="0" y="0" font-family="'Lato-Bold'" font-size="62.35">Route</tspan><tspan x="0" y="74.8" font-family="'Lato-Bold'" font-size="62.35">Handler</tspan><tspan x="0" y="140.3" font-family="'Lato-Italic'" font-size="54.5562">routers/rentals.js</tspan></text>
	<rect x="502.8" y="1255" fill="none" width="508.7" height="182.9"/>
	<text transform="matrix(1 0 0 1 502.7629 1301.3159)"><tspan x="0" y="0" font-family="'Lato-Bold'" font-size="62.35">Template</tspan><tspan x="0" y="65.5" font-family="'Lato-Italic'" font-size="54.5562">templates/rentals.hbs</tspan></text>
	<path fill="none" stroke="#000000" stroke-width="2" stroke-miterlimit="10" d="M1440.2,481.2H470.7c-6.6,0-12-5.4-12-12V263.7
		c0-6.6,5.4-12,12-12h969.4c6.6,0,12,5.4,12,12v205.4C1452.2,475.8,1446.8,481.2,1440.2,481.2z"/>
	<g>
		<line x1="955" y1="880.9" x2="1047.9" y2="973.7"/>
		<g>
			<line fill="none" stroke="#000000" stroke-width="3" stroke-miterlimit="10" x1="955" y1="880.9" x2="1036.7" y2="962.6"/>
			<g>
				<polygon points="1047.9,948 1022.1,973.8 1047.9,973.7 				"/>
			</g>
		</g>
	</g>
	<g>
		<line x1="600.1" y1="880.6" x2="600.1" y2="1193.3"/>
		<g>
			<line fill="none" stroke="#000000" stroke-width="3" stroke-miterlimit="10" x1="600.1" y1="880.6" x2="600.1" y2="1177.5"/>
			<g>
				<polygon points="618.3,1175.1 581.9,1175.1 600.1,1193.3 				"/>
			</g>
		</g>
	</g>
	<rect x="1030.7" y="73.8" fill="#1D1E19" stroke="#000000" stroke-width="2" stroke-miterlimit="10" width="969.3" height="91.4"/>
	<rect x="1094.3" y="103.7" fill="none" width="644.9" height="61.6"/>
	<text transform="matrix(1 0 0 1 1094.3154 132.0361)" fill="#FFFFFF" font-family="'Menlo-Regular'" font-size="37.3389">https://super-rental/rentals</text>
	
		<rect x="1032.7" y="251.7" fill="#1D1E19" stroke="#000000" stroke-width="2" stroke-miterlimit="10" width="967.4" height="229.4"/>
	<rect x="1098.4" y="297.2" fill="none" width="671" height="182.9"/>
	<text transform="matrix(1 0 0 1 1098.4443 327.5534)"><tspan x="0" y="0" fill="#FAF2ED" font-family="'Menlo-Regular'" font-size="40">Router.map(</tspan><tspan x="264.9" y="0" fill="#58C9E8" font-family="'Menlo-Regular'" font-size="40">function</tspan><tspan x="457.6" y="0" fill="#FAF2ED" font-family="'Menlo-Regular'" font-size="40">(){</tspan><tspan x="0" y="48" fill="#FAF2ED" font-family="'Menlo-Regular'" font-size="40">  this.route(</tspan><tspan x="313.1" y="48" fill="#E1D94E" font-family="'Menlo-Regular'" font-size="40">&apos;rentals&apos;</tspan><tspan x="529.8" y="48" fill="#FAF2ED" font-family="'Menlo-Regular'" font-size="40">);</tspan><tspan x="0" y="96" fill="#FAF2ED" font-family="'Menlo-Regular'" font-size="40">});</tspan></text>
	<rect x="1032.7" y="569.6" fill="#1D1E19" stroke="#000000" stroke-width="2" stroke-miterlimit="10" width="967.4" height="311"/>
	<rect x="1090" y="609.6" fill="none" width="960.7" height="243.6"/>
	<text transform="matrix(1 0 0 1 1090.0002 640.0009)"><tspan x="0" y="0" fill="#ED135E" font-family="'Menlo-Regular'" font-size="40">export default</tspan><tspan x="337.1" y="0" fill="#FFFFFF" font-family="'Menlo-Regular'" font-size="40"> Ember.Route.extend({</tspan><tspan x="0" y="48" fill="#FFFFFF" font-family="'Menlo-Regular'" font-size="40" letter-spacing="46">	</tspan><tspan x="70.1" y="48" fill="#FFFFFF" font-family="'Menlo-Regular'" font-size="40">model(){</tspan><tspan x="0" y="96" fill="#FFFFFF" font-family="'Menlo-Regular'" font-size="40" letter-spacing="46">	</tspan><tspan x="70.1" y="96" fill="#ED135E" font-family="'Menlo-Regular'" font-size="40">return</tspan><tspan x="214.6" y="96" fill="#FFFFFF" font-family="'Menlo-Regular'" font-size="40"> rentals;</tspan><tspan x="0" y="144" fill="#FFFFFF" font-family="'Menlo-Regular'" font-size="40" letter-spacing="46">	</tspan><tspan x="70.1" y="144" fill="#FFFFFF" font-family="'Menlo-Regular'" font-size="40">}</tspan><tspan x="0" y="192" fill="#FFFFFF" font-family="'Menlo-Regular'" font-size="40">});</tspan></text>
	
		<rect x="1032.7" y="1195.6" fill="#1D1E19" stroke="#000000" stroke-width="2" stroke-miterlimit="10" width="967.4" height="311.3"/>
	<rect x="1089.9" y="1234.2" fill="none" width="960.7" height="255.7"/>
	<text transform="matrix(1 0 0 1 1089.8746 1264.6078)"><tspan x="0" y="0" fill="#FFFFFF" font-family="'Menlo-Regular'" font-size="40">&lt;</tspan><tspan x="24.1" y="0" fill="#ED135E" font-family="'Menlo-Regular'" font-size="40">ul</tspan><tspan x="72.2" y="0" fill="#FFFFFF" font-family="'Menlo-Regular'" font-size="40">&gt;</tspan><tspan x="0" y="48" fill="#FFFFFF" font-family="'Menlo-Regular'" font-size="40" letter-spacing="46">	</tspan><tspan x="70.1" y="48" fill="#ED135E" font-family="'Menlo-Regular'" font-size="40">{{</tspan><tspan x="118.3" y="48" fill="#FFFFFF" font-family="'Menlo-Regular'" font-size="40">#each model as [rental]</tspan><tspan x="672.2" y="48" fill="#ED135E" font-family="'Menlo-Regular'" font-size="40">}}</tspan><tspan x="0" y="96" fill="#FFFFFF" font-family="'Menlo-Regular'" font-size="40" letter-spacing="46">		</tspan><tspan x="140.3" y="96" fill="#ED135E" font-family="'Menlo-Regular'" font-size="40">{{</tspan><tspan x="188.5" y="96" fill="#FFFFFF" font-family="'Menlo-Regular'" font-size="40">rental-tile rental=rental</tspan><tspan x="790.5" y="96" fill="#ED135E" font-family="'Menlo-Regular'" font-size="40">}}</tspan><tspan x="0" y="144" fill="#ED135E" font-family="'Menlo-Regular'" font-size="40" letter-spacing="46">	</tspan><tspan x="70.1" y="144" fill="#ED135E" font-family="'Menlo-Regular'" font-size="40">{{</tspan><tspan x="118.3" y="144" fill="#FFFFFF" font-family="'Menlo-Regular'" font-size="40">/each</tspan><tspan x="238.7" y="144" fill="#ED135E" font-family="'Menlo-Regular'" font-size="40">}}</tspan><tspan x="0" y="192" fill="#FFFFFF" font-family="'Menlo-Regular'" font-size="40">&lt;/</tspan><tspan x="48.2" y="192" fill="#ED135E" font-family="'Menlo-Regular'" font-size="40">ul</tspan><tspan x="96.3" y="192" fill="#FFFFFF" font-family="'Menlo-Regular'" font-size="40">&gt;</tspan></text>
	<g>
		<line x1="600.1" y1="481.2" x2="600.1" y2="567.4"/>
		<g>
			<line fill="none" stroke="#000000" stroke-width="3" stroke-miterlimit="10" x1="600.1" y1="481.2" x2="600.1" y2="551.6"/>
			<g>
				<polygon points="618.3,549.1 581.9,549.1 600.1,567.4 				"/>
			</g>
		</g>
	</g>
	<rect x="52.8" y="267.5" fill="none" width="354.7" height="192.7"/>
	<text transform="matrix(1 0 0 1 52.7533 312.0405)"><tspan x="0" y="0" fill="#FFFFFF" font-family="'Lato-BoldItalic'" font-size="60">Maps</tspan><tspan x="140.7" y="0" fill="#FFFFFF" font-family="'Lato-Italic'" font-size="60"> </tspan><tspan x="0" y="72" fill="#FFFFFF" font-family="'Lato-Italic'" font-size="60">URL to </tspan><tspan x="0" y="144" fill="#FFFFFF" font-family="'Lato-Italic'" font-size="60">a router</tspan></text>
	<rect x="51.1" y="582.5" fill="none" width="354.7" height="231.9"/>
	<text transform="matrix(1 0 0 1 51.1082 627.0613)"><tspan x="0" y="0" fill="#FFFFFF" font-family="'Lato-BoldItalic'" font-size="60">Loads:</tspan><tspan x="0" y="72" fill="#FFFFFF" font-family="'Lato-Italic'" font-size="60">-a template</tspan><tspan x="0" y="144" fill="#FFFFFF" font-family="'Lato-Italic'" font-size="60">-a model</tspan></text>
	<rect x="49.5" y="958.1" fill="none" width="354.7" height="231.9"/>
	<text transform="matrix(1 0 0 1 49.4637 1002.6979)"><tspan x="0" y="0" fill="#FFFFFF" font-family="'Lato-BoldItalic'" font-size="60">Persistent:</tspan><tspan x="0" y="72" fill="#FFFFFF" font-family="'Lato-Italic'" font-size="60">data source</tspan></text>
	<rect x="49.5" y="1208.7" fill="none" width="354.7" height="330.7"/>
	<text transform="matrix(1 0 0 1 49.4635 1253.2566)"><tspan x="0" y="0" fill="#FFFFFF" font-family="'Lato-BoldItalic'" font-size="60">Loads:</tspan><tspan x="0" y="72" fill="#FFFFFF" font-family="'Lato-Italic'" font-size="60">-components</tspan><tspan x="0" y="168" fill="#FFFFFF" font-family="'Lato-BoldItalic'" font-size="60">Accesses:</tspan><tspan x="0" y="240" fill="#FFFFFF" font-family="'Lato-Italic'" font-size="60">-model data</tspan></text>
	<g>
		<line x1="600.1" y1="1506.8" x2="600.1" y2="1665.1"/>
		<g>
			<line fill="none" stroke="#000000" stroke-width="3" stroke-miterlimit="10" x1="600.1" y1="1506.8" x2="600.1" y2="1649.3"/>
			<g>
				<polygon points="618.3,1646.9 581.9,1646.9 600.1,1665.1 				"/>
			</g>
		</g>
	</g>
	<g>
		<line x1="600.1" y1="166.4" x2="600.1" y2="252.6"/>
		<g>
			<line fill="none" stroke="#000000" stroke-width="3" stroke-miterlimit="10" x1="600.1" y1="166.4" x2="600.1" y2="236.8"/>
			<g>
				<polygon points="618.3,234.4 581.9,234.4 600.1,252.6 				"/>
			</g>
		</g>
	</g>
	<g>
		<line x1="929.8" y1="1507" x2="1086.4" y2="1663.6"/>
		<g>
			<line fill="none" stroke="#000000" stroke-width="3" stroke-miterlimit="10" x1="929.8" y1="1507" x2="1075.3" y2="1652.5"/>
			<g>
				<polygon points="1086.4,1637.8 1060.7,1663.6 1086.4,1663.6 				"/>
			</g>
		</g>
	</g>
	<g>
		<line x1="996.7" y1="1507.8" x2="1798.8" y2="1652.8"/>
		<g>
			<line fill="none" stroke="#000000" stroke-width="3" stroke-miterlimit="10" x1="996.7" y1="1507.8" x2="1783.3" y2="1650"/>
			<g>
				<polygon points="1784.2,1631.6 1777.7,1667.5 1798.8,1652.8 				"/>
			</g>
		</g>
	</g>
	<rect x="453.1" y="1724.9" fill="none" width="550.5" height="240"/>
	<text transform="matrix(1 0 0 1 564.6506 1771.2166)"><tspan x="0" y="0" font-family="'Lato-Bold'" font-size="62.35">Component</tspan><tspan x="-44.7" y="60" font-family="'Lato-Italic'" font-size="36">app.components/rental-tile.js</tspan><tspan x="-60.8" y="96" font-family="'Lato-Italic'" font-size="30">templates/components/rental-tile.hbs</tspan></text>
	<rect x="1067.2" y="1724.9" fill="none" width="550.5" height="240"/>
	<text transform="matrix(1 0 0 1 1178.7915 1771.2166)"><tspan x="0" y="0" font-family="'Lato-Bold'" font-size="62.35">Component</tspan><tspan x="-44.7" y="60" font-family="'Lato-Italic'" font-size="36">app.components/rental-tile.js</tspan><tspan x="-60.8" y="96" font-family="'Lato-Italic'" font-size="30">templates/components/rental-tile.hbs</tspan></text>
	<rect x="1679.1" y="1724.9" fill="none" width="550.5" height="240"/>
	<text transform="matrix(1 0 0 1 1790.7345 1771.2166)"><tspan x="0" y="0" font-family="'Lato-Bold'" font-size="62.35">Component</tspan><tspan x="-44.7" y="60" font-family="'Lato-Italic'" font-size="36">app.components/rental-tile.js</tspan><tspan x="-60.8" y="96" font-family="'Lato-Italic'" font-size="30">templates/components/rental-tile.hbs</tspan></text>
	<path fill="#FAF2ED" stroke="#171617" stroke-miterlimit="10" d="M827,1119.8"/>
	<path fill="#FAF2ED" stroke="#171617" stroke-miterlimit="10" d="M836.3,1119.8"/>
	<line fill="#FAF2ED" stroke="#171617" stroke-miterlimit="10" x1="1129" y1="1119.8" x2="1127" y2="1119.8"/>
	<g>
		
			<ellipse fill="#FAF2ED" stroke="#232222" stroke-width="2" stroke-miterlimit="10" cx="1201.9" cy="1086.6" rx="171.1" ry="31.3"/>
		<polyline fill="#FAF2ED" stroke="#171617" stroke-width="2" stroke-miterlimit="10" points="1030.7,1086.6 1030.7,987.2 
			1373,987.2 1373,1086.6 		"/>
		<rect x="1367.9" y="1084.5" fill="#FAF2ED" width="4.5" height="2.8"/>
	</g>
	<ellipse fill="#FAF2ED" stroke="#2D2C2C" stroke-width="2" stroke-miterlimit="10" cx="1201.9" cy="987.2" rx="171.1" ry="31.3"/>
	<rect x="1030.7" y="1045" fill="none" width="341.7" height="62.7"/>
	<text transform="matrix(1 0 0 1 1116.9712 1089.2783)" font-family="'Lato-Regular'" font-size="60">Model</text>
</g>
</svg>
